{
    "name": "root",
    "gauges": {
        "KartAgent.Policy.Entropy.mean": {
            "value": 0.2056463211774826,
            "min": -0.2474067360162735,
            "max": 1.277061104774475,
            "count": 26
        },
        "KartAgent.Policy.Entropy.sum": {
            "value": 10255.9931640625,
            "min": -12504.92578125,
            "max": 63750.890625,
            "count": 26
        },
        "KartAgent.Step.mean": {
            "value": 1999952.0,
            "min": 749953.0,
            "max": 1999952.0,
            "count": 26
        },
        "KartAgent.Step.sum": {
            "value": 1999952.0,
            "min": 749953.0,
            "max": 1999952.0,
            "count": 26
        },
        "KartAgent.Policy.ExtrinsicValue.mean": {
            "value": -1.5424643754959106,
            "min": -1.746233344078064,
            "max": 6.135106563568115,
            "count": 26
        },
        "KartAgent.Policy.ExtrinsicValue.sum": {
            "value": -1267.90576171875,
            "min": -1435.40380859375,
            "max": 5024.65234375,
            "count": 26
        },
        "KartAgent.Policy.CuriosityValue.mean": {
            "value": -0.3521219491958618,
            "min": -0.3521219491958618,
            "max": 8.185200691223145,
            "count": 26
        },
        "KartAgent.Policy.CuriosityValue.sum": {
            "value": -289.4442443847656,
            "min": -289.4442443847656,
            "max": 6703.6796875,
            "count": 26
        },
        "KartAgent.Losses.PolicyLoss.mean": {
            "value": 0.9479916394559748,
            "min": -7.138312229063023,
            "max": 0.9479916394559748,
            "count": 26
        },
        "KartAgent.Losses.PolicyLoss.sum": {
            "value": 4721.94635613021,
            "min": -35698.69945754418,
            "max": 4721.94635613021,
            "count": 26
        },
        "KartAgent.Losses.ValueLoss.mean": {
            "value": 1.0636463291783581e-05,
            "min": 1.0636463291783581e-05,
            "max": 0.020753514346766627,
            "count": 26
        },
        "KartAgent.Losses.ValueLoss.sum": {
            "value": 0.05298022365637402,
            "min": 0.05298022365637402,
            "max": 26.356963220393617,
            "count": 26
        },
        "KartAgent.Losses.Q1Loss.mean": {
            "value": 0.004053434800312198,
            "min": 0.0031143861471155257,
            "max": 0.029505895232197352,
            "count": 26
        },
        "KartAgent.Losses.Q1Loss.sum": {
            "value": 20.19015874035506,
            "min": 5.874795208177719,
            "max": 147.55898205621895,
            "count": 26
        },
        "KartAgent.Losses.Q2Loss.mean": {
            "value": 0.0040601163151565015,
            "min": 0.003117968474902275,
            "max": 0.029543061297931744,
            "count": 26
        },
        "KartAgent.Losses.Q2Loss.sum": {
            "value": 20.223439365794533,
            "min": 5.862570248589085,
            "max": 147.74484955095664,
            "count": 26
        },
        "KartAgent.Policy.ContinuousEntropyCoeff.mean": {
            "value": 0.0011910241018912129,
            "min": 0.0005811457607026756,
            "max": 0.3916477862807621,
            "count": 26
        },
        "KartAgent.Policy.ContinuousEntropyCoeff.sum": {
            "value": 5.932491051520131,
            "min": 2.8871321391708924,
            "max": 1044.6722762068562,
            "count": 26
        },
        "KartAgent.Policy.LearningRate.mean": {
            "value": 3.8058679243434155e-06,
            "min": 3.8058679243434155e-06,
            "max": 0.0001884403446668791,
            "count": 26
        },
        "KartAgent.Policy.LearningRate.sum": {
            "value": 0.018957028131154553,
            "min": 0.018957028131154553,
            "max": 0.9253639394454186,
            "count": 26
        },
        "KartAgent.Losses.CuriosityForwardLoss.mean": {
            "value": 0.0029382073125770905,
            "min": 0.0029382073125770905,
            "max": 0.02561530447289851,
            "count": 26
        },
        "KartAgent.Losses.CuriosityForwardLoss.sum": {
            "value": 14.635210623946488,
            "min": 14.635210623946488,
            "max": 128.6400590628963,
            "count": 26
        },
        "KartAgent.Losses.CuriosityInverseLoss.mean": {
            "value": 0.024769902169993016,
            "min": 0.024769902169993016,
            "max": 0.669532019568482,
            "count": 26
        },
        "KartAgent.Losses.CuriosityInverseLoss.sum": {
            "value": 123.3788827087352,
            "min": 123.3788827087352,
            "max": 3372.4327825664436,
            "count": 26
        },
        "KartAgent.Environment.EpisodeLength.mean": {
            "value": 625.5384615384615,
            "min": 502.54347826086956,
            "max": 934.8518518518518,
            "count": 26
        },
        "KartAgent.Environment.EpisodeLength.sum": {
            "value": 48792.0,
            "min": 1532.0,
            "max": 57298.0,
            "count": 26
        },
        "KartAgent.Environment.CumulativeReward.mean": {
            "value": -6.321624088325078,
            "min": -34.20525277692538,
            "max": -1.0,
            "count": 26
        },
        "KartAgent.Environment.CumulativeReward.sum": {
            "value": -499.40830297768116,
            "min": -2223.3414305001497,
            "max": -2.0,
            "count": 26
        },
        "KartAgent.Policy.ExtrinsicReward.mean": {
            "value": -6.321624088325078,
            "min": -34.20525277692538,
            "max": -1.0,
            "count": 26
        },
        "KartAgent.Policy.ExtrinsicReward.sum": {
            "value": -499.40830297768116,
            "min": -2223.3414305001497,
            "max": -2.0,
            "count": 26
        },
        "KartAgent.Policy.CuriosityReward.mean": {
            "value": 0.038241818977451346,
            "min": 0.038241818977451346,
            "max": 0.3179294062747538,
            "count": 26
        },
        "KartAgent.Policy.CuriosityReward.sum": {
            "value": 3.0211036992186564,
            "min": 0.5534867725800723,
            "max": 27.023999533354072,
            "count": 26
        },
        "KartAgent.IsTraining.mean": {
            "value": 1.0,
            "min": 1.0,
            "max": 1.0,
            "count": 26
        },
        "KartAgent.IsTraining.sum": {
            "value": 1.0,
            "min": 1.0,
            "max": 1.0,
            "count": 26
        }
    },
    "metadata": {
        "timer_format_version": "0.1.0",
        "start_time_seconds": "1718542285",
        "python_version": "3.9.13 (tags/v3.9.13:6de2ca5, May 17 2022, 16:36:42) [MSC v.1929 64 bit (AMD64)]",
        "command_line_arguments": "C:\\Users\\gusta\\proj\\venv\\Scripts\\mlagents-learn sac/configuration.yaml --run-id=sac2 --torch-device cuda --resume",
        "mlagents_version": "0.30.0",
        "mlagents_envs_version": "0.30.0",
        "communication_protocol_version": "1.5.0",
        "pytorch_version": "2.3.0+cu121",
        "numpy_version": "1.21.2",
        "end_time_seconds": "1718548638"
    },
    "total": 6352.5485976,
    "count": 1,
    "self": 0.007955799999763258,
    "children": {
        "run_training.setup": {
            "total": 0.12695839999999947,
            "count": 1,
            "self": 0.12695839999999947
        },
        "TrainerController.start_learning": {
            "total": 6352.4136834,
            "count": 1,
            "self": 1.3512062000054357,
            "children": {
                "TrainerController._reset_env": {
                    "total": 12.0172316,
                    "count": 1,
                    "self": 12.0172316
                },