{
    "name": "root",
    "gauges": {
        "KartAgent.Policy.Entropy.mean": {
            "value": 1.4372332096099854,
            "min": 1.4178190231323242,
            "max": 1.4543800354003906,
            "count": 40
        },
        "KartAgent.Policy.Entropy.sum": {
            "value": 73436.8671875,
            "min": 69925.3046875,
            "max": 73919.890625,
            "count": 40
        },
        "KartAgent.Step.mean": {
            "value": 1999953.0,
            "min": 49966.0,
            "max": 1999953.0,
            "count": 40
        },
        "KartAgent.Step.sum": {
            "value": 1999953.0,
            "min": 49966.0,
            "max": 1999953.0,
            "count": 40
        },
        "KartAgent.Policy.ExtrinsicValueEstimate.mean": {
            "value": 1.5579537153244019,
            "min": -2.22629714012146,
            "max": 1.574473261833191,
            "count": 40
        },
        "KartAgent.Policy.ExtrinsicValueEstimate.sum": {
            "value": 1279.0799560546875,
            "min": -1884.7255859375,
            "max": 1294.217041015625,
            "count": 40
        },
        "KartAgent.Policy.CuriosityValueEstimate.mean": {
            "value": 0.093580462038517,
            "min": -0.05605616793036461,
            "max": 0.09390535950660706,
            "count": 40
        },
        "KartAgent.Policy.CuriosityValueEstimate.sum": {
            "value": 76.82955932617188,
            "min": -45.797889709472656,
            "max": 79.2561264038086,
            "count": 40
        },
        "KartAgent.Environment.EpisodeLength.mean": {
            "value": 506.4854368932039,
            "min": 475.19607843137254,
            "max": 757.8636363636364,
            "count": 40
        },
        "KartAgent.Environment.EpisodeLength.sum": {
            "value": 52168.0,
            "min": 39091.0,
            "max": 54167.0,
            "count": 40
        },
        "KartAgent.Losses.PolicyLoss.mean": {
            "value": 0.0711686918993151,
            "min": 0.06736067286082742,
            "max": 0.07485194185760216,
            "count": 40
        },
        "KartAgent.Losses.PolicyLoss.sum": {
            "value": 0.3558434594965755,
            "min": 0.2694426914433097,
            "max": 0.3676344287437799,
            "count": 40
        },
        "KartAgent.Losses.ValueLoss.mean": {
            "value": 0.4351651223018126,
            "min": 0.35447827562317863,
            "max": 2.2117878425472446,
            "count": 40
        },
        "KartAgent.Losses.ValueLoss.sum": {
            "value": 2.175825611509063,
            "min": 1.4179131024927145,
            "max": 11.058939212736222,
            "count": 40
        },
        "KartAgent.Policy.LearningRate.mean": {
            "value": 3.6791787736400065e-06,
            "min": 3.6791787736400065e-06,
            "max": 0.0002954788890070375,
            "count": 40
        },
        "KartAgent.Policy.LearningRate.sum": {
            "value": 1.839589386820003e-05,
            "min": 1.839589386820003e-05,
            "max": 0.0012561855812715,
            "count": 40
        },
        "KartAgent.Policy.Epsilon.mean": {
            "value": 0.10122636000000003,
            "min": 0.10122636000000003,
            "max": 0.19849296250000004,
            "count": 40
        },
        "KartAgent.Policy.Epsilon.sum": {
            "value": 0.5061318000000001,
            "min": 0.41574195,
            "max": 0.9187285000000002,
            "count": 40
        },
        "KartAgent.Policy.Beta.mean": {
            "value": 2.2140964000000026e-05,
            "min": 2.2140964000000026e-05,
            "max": 0.00098508032875,
            "count": 40
        },
        "KartAgent.Policy.Beta.sum": {
            "value": 0.00011070482000000013,
            "min": 0.00011070482000000013,
            "max": 0.00419541215,
            "count": 40
        },
        "KartAgent.Losses.CuriosityForwardLoss.mean": {
            "value": 0.047756060126923,
            "min": 0.018371979623722536,
            "max": 0.04932092467245335,
            "count": 40
        },
        "KartAgent.Losses.CuriosityForwardLoss.sum": {
            "value": 0.238780300634615,
            "min": 0.07348791849489014,
            "max": 0.238780300634615,
            "count": 40
        },
        "KartAgent.Losses.CuriosityInverseLoss.mean": {
            "value": 2.1031274829241307,
            "min": 2.001768583556016,
            "max": 2.1801965469121933,
            "count": 40
        },
        "KartAgent.Losses.CuriosityInverseLoss.sum": {
            "value": 10.515637414620654,
            "min": 8.007074334224065,
            "max": 10.760988197881398,
            "count": 40
        },
        "KartAgent.Environment.CumulativeReward.mean": {
            "value": 7.949934979476551,
            "min": -26.38066772718124,
            "max": 8.902211170719594,
            "count": 40
        },
        "KartAgent.Environment.CumulativeReward.sum": {
            "value": 802.9434329271317,
            "min": -2084.072750447318,
            "max": 872.4166947305202,
            "count": 40
        },
        "KartAgent.Policy.ExtrinsicReward.mean": {
            "value": 7.949934979476551,
            "min": -26.38066772718124,
            "max": 8.902211170719594,
            "count": 40
        },
        "KartAgent.Policy.ExtrinsicReward.sum": {
            "value": 802.9434329271317,
            "min": -2084.072750447318,
            "max": 872.4166947305202,
            "count": 40
        },
        "KartAgent.Policy.CuriosityReward.mean": {
            "value": 0.48849891816320057,
            "min": 0.18404465967014227,
            "max": 0.515683000418297,
            "count": 40
        },
        "KartAgent.Policy.CuriosityReward.sum": {
            "value": 49.338390734483255,
            "min": 18.956599946024653,
            "max": 49.505568040156504,
            "count": 40
        },
        "KartAgent.IsTraining.mean": {
            "value": 1.0,
            "min": 1.0,
            "max": 1.0,
            "count": 40
        },
        "KartAgent.IsTraining.sum": {
            "value": 1.0,
            "min": 1.0,
            "max": 1.0,
            "count": 40
        }
    },
    "metadata": {
        "timer_format_version": "0.1.0",
        "start_time_seconds": "1718487322",
        "python_version": "3.9.13 (tags/v3.9.13:6de2ca5, May 17 2022, 16:36:42) [MSC v.1929 64 bit (AMD64)]",
        "command_line_arguments": "C:\\Users\\gusta\\proj\\venv\\Scripts\\mlagents-learn ppo/configuration.yaml --run-id=ppo9 --torch-device cuda --force",
        "mlagents_version": "0.30.0",
        "mlagents_envs_version": "0.30.0",
        "communication_protocol_version": "1.5.0",
        "pytorch_version": "2.3.0+cu121",
        "numpy_version": "1.21.2",
        "end_time_seconds": "1718489733"
    },
    "total": 2410.800552,
    "count": 1,
    "self": 0.007110399999874062,
    "children": {
        "run_training.setup": {
            "total": 0.08514149999999976,
            "count": 1,
            "self": 0.08514149999999976
        },
        "TrainerController.start_learning": {
            "total": 2410.7083001,
            "count": 1,
            "self": 2.1506817000135925,
            "children": {
                "TrainerController._reset_env": {
                    "total": 8.2606953,
                    "count": 1,
                    "self": 8.2606953
                },
                "TrainerController.advance": {
                    "total": 2400.1944604999862,
                    "count": 86406,
                    "self": 1.017834599980688,
                    "children": {
                        "env_step": {
                            "total": 2399.1766259000055,
                            "count": 86406,
                            "self": 2012.227597700018,