{
    "name": "root",
    "gauges": {
        "KartAgent.Policy.Entropy.mean": {
            "value": 1.3830934762954712,
            "min": 1.376080870628357,
            "max": 1.421870231628418,
            "count": 20
        },
        "KartAgent.Policy.Entropy.sum": {
            "value": 69342.7734375,
            "min": 58401.8046875,
            "max": 94187.0234375,
            "count": 20
        },
        "KartAgent.Environment.EpisodeLength.mean": {
            "value": 611.6493506493506,
            "min": 611.6493506493506,
            "max": 1220.357142857143,
            "count": 20
        },
        "KartAgent.Environment.EpisodeLength.sum": {
            "value": 47097.0,
            "min": 39462.0,
            "max": 60915.0,
            "count": 20
        },
        "KartAgent.Step.mean": {
            "value": 999756.0,
            "min": 49695.0,
            "max": 999756.0,
            "count": 20
        },
        "KartAgent.Step.sum": {
            "value": 999756.0,
            "min": 49695.0,
            "max": 999756.0,
            "count": 20
        },
        "KartAgent.Policy.ExtrinsicValueEstimate.mean": {
            "value": 1.3028382062911987,
            "min": 0.00796285830438137,
            "max": 1.3028382062911987,
            "count": 20
        },
        "KartAgent.Policy.ExtrinsicValueEstimate.sum": {
            "value": 105.52989196777344,
            "min": 0.6290658116340637,
            "max": 105.52989196777344,
            "count": 20
        },
        "KartAgent.Environment.CumulativeReward.mean": {
            "value": 9.521160620230216,
            "min": -0.15759623193970093,
            "max": 9.521160620230216,
            "count": 20
        },
        "KartAgent.Environment.CumulativeReward.sum": {
            "value": 771.2140102386475,
            "min": -8.195004060864449,
            "max": 771.2140102386475,
            "count": 20
        },
        "KartAgent.Policy.ExtrinsicReward.mean": {
            "value": 9.521160620230216,
            "min": -0.15759623193970093,
            "max": 9.521160620230216,
            "count": 20
        },
        "KartAgent.Policy.ExtrinsicReward.sum": {
            "value": 771.2140102386475,
            "min": -8.195004060864449,
            "max": 771.2140102386475,
            "count": 20
        },
        "KartAgent.Losses.PolicyLoss.mean": {
            "value": 0.07344993937251383,
            "min": 0.07013661655773981,
            "max": 0.07583894828550537,
            "count": 20
        },
        "KartAgent.Losses.PolicyLoss.sum": {
            "value": 0.2937997574900553,
            "min": 0.21513736166981476,
            "max": 0.3582598362502215,
            "count": 20
        },
        "KartAgent.Losses.ValueLoss.mean": {
            "value": 0.06733151790405352,
            "min": 0.00825492402929544,
            "max": 0.11462384305108714,
            "count": 20
        },
        "KartAgent.Losses.ValueLoss.sum": {
            "value": 0.2693260716162141,
            "min": 0.025284907006652847,
            "max": 0.45849537220434855,
            "count": 20
        },
        "KartAgent.Policy.LearningRate.mean": {
            "value": 6.54377281877501e-06,
            "min": 6.54377281877501e-06,
            "max": 0.0002901058032980667,
            "count": 20
        },
        "KartAgent.Policy.LearningRate.sum": {
            "value": 2.617509127510004e-05,
            "min": 2.617509127510004e-05,
            "max": 0.0011076669307776997,
            "count": 20
        },
        "KartAgent.Policy.Epsilon.mean": {
            "value": 0.10218122500000001,
            "min": 0.10218122500000001,
            "max": 0.19670193333333338,
            "count": 20
        },
        "KartAgent.Policy.Epsilon.sum": {
            "value": 0.40872490000000006,
            "min": 0.40872490000000006,
            "max": 0.7692223,
            "count": 20
        },
        "KartAgent.Policy.Beta.mean": {
            "value": 3.1594127500000035e-05,
            "min": 3.1594127500000035e-05,
            "max": 0.00096734914,
            "count": 20
        },
        "KartAgent.Policy.Beta.sum": {
            "value": 0.00012637651000000014,
            "min": 0.00012637651000000014,
            "max": 0.00369530077,
            "count": 20
        },
        "KartAgent.IsTraining.mean": {
            "value": 1.0,
            "min": 1.0,
            "max": 1.0,
            "count": 20
        },
        "KartAgent.IsTraining.sum": {
            "value": 1.0,
            "min": 1.0,
            "max": 1.0,
            "count": 20
        }
    },
    "metadata": {
        "timer_format_version": "0.1.0",
        "start_time_seconds": "1718393877",
        "python_version": "3.9.13 (tags/v3.9.13:6de2ca5, May 17 2022, 16:36:42) [MSC v.1929 64 bit (AMD64)]",
        "command_line_arguments": "C:\\Users\\gusta\\proj\\venv\\Scripts\\mlagents-learn ppo/configuration.yaml --run-id=ppo1 --torch-device cuda --force",
        "mlagents_version": "0.30.0",
        "mlagents_envs_version": "0.30.0",
        "communication_protocol_version": "1.5.0",
        "pytorch_version": "2.3.0+cu121",
        "numpy_version": "1.21.2",
        "end_time_seconds": "1718394630"
    },
    "total": 753.0106726,
    "count": 1,
    "self": 0.0074220000001332664,
    "children": {
        "run_training.setup": {
            "total": 0.09306320000000001,
            "count": 1,
            "self": 0.09306320000000001
        },
        "TrainerController.start_learning": {
            "total": 752.9101873999999,
            "count": 1,
            "self": 1.4590225000057444,
            "children": {
                "TrainerController._reset_env": {
                    "total": 10.7562556,
                    "count": 1,
                    "self": 10.7562556
                },
                "TrainerController.advance": {
                    "total": 740.6026763999943,
                    "count": 43411,
                    "self": 0.5154677999880732,
                    "children": {
                        "env_step": {
                            "total": 740.0872086000062,
                            "count": 43411,
                            "self": 441.73806830002496,
                            "children": {
                                "SubprocessEnvManager._take_step": {
                                    "total": 297.82674709999395,
                                    "count": 43411,
                                    "self": 3.342500699998425,
                                    "children": {
                                        "TorchPolicy.evaluate": {
                                            "total": 294.4842463999955,
                                            "count": 42347,
                                            "self": 294.4842463999955
                                        }
                                    }
                                },
                                "workers": {
                                    "total": 0.5223931999872828,
                                    "count": 43411,
                                    "self": 0.0,
                                    "children": {
                                        "worker_root": {
                                            "total": 742.156846499991,
                                            "count": 43411,
                                            "is_parallel": true,
                                            "self": 408.5834094999828,
                                            "children": {
                                                "steps_from_proto": {
                                                    "total": 0.0006988999999997247,
                                                    "count": 1,
                                                    "is_parallel": true,