{
    "name": "root",
    "gauges": {
        "KartAgent.Policy.Entropy.mean": {
            "value": 1.2833830118179321,
            "min": 1.282519817352295,
            "max": 1.4203108549118042,
            "count": 76
        },
        "KartAgent.Policy.Entropy.sum": {
            "value": 63789.26953125,
            "min": 63789.26953125,
            "max": 72451.6640625,
            "count": 76
        },
        "KartAgent.Step.mean": {
            "value": 3799988.0,
            "min": 49973.0,
            "max": 3799988.0,
            "count": 76
        },
        "KartAgent.Step.sum": {
            "value": 3799988.0,
            "min": 49973.0,
            "max": 3799988.0,
            "count": 76
        },
        "KartAgent.Policy.ExtrinsicValueEstimate.mean": {
            "value": 2.6874783039093018,
            "min": -2.6093289852142334,
            "max": 2.8278353214263916,
            "count": 76
        },
        "KartAgent.Policy.ExtrinsicValueEstimate.sum": {
            "value": 2297.7939453125,
            "min": -2134.43115234375,
            "max": 2454.56103515625,
            "count": 76
        },
        "KartAgent.Policy.CuriosityValueEstimate.mean": {
            "value": 0.1759403944015503,
            "min": -0.0774955302476883,
            "max": 0.18128588795661926,
            "count": 76
        },
        "KartAgent.Policy.CuriosityValueEstimate.sum": {
            "value": 150.4290313720703,
            "min": -63.003868103027344,
            "max": 153.0297393798828,
            "count": 76
        },
        "KartAgent.Environment.EpisodeLength.mean": {
            "value": 370.33103448275864,
            "min": 356.5151515151515,
            "max": 913.9655172413793,
            "count": 76
        },
        "KartAgent.Environment.EpisodeLength.sum": {
            "value": 53698.0,
            "min": 37687.0,
            "max": 54064.0,
            "count": 76
        },
        "KartAgent.Losses.PolicyLoss.mean": {
            "value": 0.07036839828571649,
            "min": 0.06656283549433586,
            "max": 0.0752836389704571,
            "count": 76
        },
        "KartAgent.Losses.PolicyLoss.sum": {
            "value": 0.28147359314286596,
            "min": 0.26625134197734346,
            "max": 0.3764181948522855,
            "count": 76
        },
        "KartAgent.Losses.ValueLoss.mean": {
            "value": 0.34376041252442663,
            "min": 0.10349418597317396,
            "max": 2.932518847833077,
            "count": 76
        },
        "KartAgent.Losses.ValueLoss.sum": {
            "value": 1.3750416500977065,
            "min": 0.41397674389269584,
            "max": 14.662594239165385,
            "count": 76
        },
        "KartAgent.Policy.LearningRate.mean": {
            "value": 7.3283490572195e-05,
            "min": 7.3283490572195e-05,
            "max": 0.00029819679060106994,
            "count": 76
        },
        "KartAgent.Policy.LearningRate.sum": {
            "value": 0.00029313396228878,
            "min": 0.00029313396228878,
            "max": 0.0014024577925140802,
            "count": 76
        },
        "KartAgent.Policy.Epsilon.mean": {
            "value": 0.124427805,
            "min": 0.124427805,
            "max": 0.19939893000000003,
            "count": 76
        },
        "KartAgent.Policy.Epsilon.sum": {
            "value": 0.49771122,
            "min": 0.49771122,
            "max": 0.96748592,
            "count": 76
        },
        "KartAgent.Policy.Beta.mean": {
            "value": 0.0002518352695,
            "min": 0.0002518352695,
            "max": 0.000994049407,
            "count": 76
        },
        "KartAgent.Policy.Beta.sum": {
            "value": 0.001007341078,
            "min": 0.001007341078,
            "max": 0.004678110608,
            "count": 76
        },
        "KartAgent.Losses.CuriosityForwardLoss.mean": {
            "value": 0.08622031131061562,
            "min": 0.01785914081769685,
            "max": 0.09057523511971036,
            "count": 76
        },
        "KartAgent.Losses.CuriosityForwardLoss.sum": {
            "value": 0.3448812452424625,
            "min": 0.0714365632707874,
            "max": 0.4501699538528919,
            "count": 76
        },
        "KartAgent.Losses.CuriosityInverseLoss.mean": {
            "value": 1.6165087736105368,
            "min": 1.5980897813042005,
            "max": 2.0356396529078484,
            "count": 76
        },
        "KartAgent.Losses.CuriosityInverseLoss.sum": {
            "value": 6.466035094442147,
            "min": 6.392359125216802,
            "max": 9.686911943753561,
            "count": 76
        },
        "KartAgent.Environment.CumulativeReward.mean": {
            "value": 9.701189450893937,
            "min": -30.562322550974155,
            "max": 10.927157462220377,
            "count": 76
        },
        "KartAgent.Environment.CumulativeReward.sum": {
            "value": 1406.6724703796208,
            "min": -1803.1770305074751,
            "max": 1551.6563596352935,
            "count": 76
        },
        "KartAgent.Policy.ExtrinsicReward.mean": {
            "value": 9.701189450893937,
            "min": -30.562322550974155,
            "max": 10.927157462220377,
            "count": 76
        },
        "KartAgent.Policy.ExtrinsicReward.sum": {
            "value": 1406.6724703796208,
            "min": -1803.1770305074751,
            "max": 1551.6563596352935,
            "count": 76
        },
        "KartAgent.Policy.CuriosityReward.mean": {
            "value": 0.6547495985989747,
            "min": 0.26864120882300097,
            "max": 0.7653374046721082,
            "count": 76
        },
        "KartAgent.Policy.CuriosityReward.sum": {
            "value": 94.93869179685134,
            "min": 18.18451370985531,
            "max": 96.43251298868563,
            "count": 76
        },
        "KartAgent.IsTraining.mean": {
            "value": 1.0,
            "min": 1.0,
            "max": 1.0,
            "count": 76
        },
        "KartAgent.IsTraining.sum": {
            "value": 1.0,
            "min": 1.0,
            "max": 1.0,
            "count": 76
        }
    },
    "metadata": {
        "timer_format_version": "0.1.0",
        "start_time_seconds": "1718482304",
        "python_version": "3.9.13 (tags/v3.9.13:6de2ca5, May 17 2022, 16:36:42) [MSC v.1929 64 bit (AMD64)]",
        "command_line_arguments": "C:\\Users\\gusta\\proj\\venv\\Scripts\\mlagents-learn ppo/configuration.yaml --run-id=ppo8 --torch-device cuda --force",
        "mlagents_version": "0.30.0",
        "mlagents_envs_version": "0.30.0",
        "communication_protocol_version": "1.5.0",
        "pytorch_version": "2.3.0+cu121",
        "numpy_version": "1.21.2",
        "end_time_seconds": "1718487125"
    },
    "total": 4821.638638,
    "count": 1,
    "self": 0.005565100000239909,
    "children": {
        "run_training.setup": {
            "total": 0.08485820000000022,
            "count": 1,
            "self": 0.08485820000000022
        },
        "TrainerController.start_learning": {
            "total": 4821.5482147,
            "count": 1,
            "self": 3.790057100028207,
            "children": {
                "TrainerController._reset_env": {
                    "total": 13.9653523,
                    "count": 1,
                    "self": 13.9653523
                },
                "TrainerController.advance": {
                    "total": 4803.680064899972,
                    "count": 165045,
                    "self": 1.8675546998883874,
                    "children": {
                        "env_step": {
                            "total": 4801.812510200084,
                            "count": 165045,
                            "self": 4051.9026446001285,