{
    "name": "root",
    "gauges": {
        "KartAgent.Policy.Entropy.mean": {
            "value": 1.4380494356155396,
            "min": 1.418938398361206,
            "max": 1.4380494356155396,
            "count": 7
        },
        "KartAgent.Policy.Entropy.sum": {
            "value": 14081.3798828125,
            "min": 13627.3662109375,
            "max": 15631.025390625,
            "count": 7
        },
        "KartAgent.Step.mean": {
            "value": 69998.0,
            "min": 9984.0,
            "max": 69998.0,
            "count": 7
        },
        "KartAgent.Step.sum": {
            "value": 69998.0,
            "min": 9984.0,
            "max": 69998.0,
            "count": 7
        },
        "KartAgent.Policy.ExtrinsicValueEstimate.mean": {
            "value": -3.6367180347442627,
            "min": -3.6367180347442627,
            "max": 0.2681442201137543,
            "count": 7
        },
        "KartAgent.Policy.ExtrinsicValueEstimate.sum": {
            "value": -589.1483154296875,
            "min": -589.1483154296875,
            "max": 41.83049774169922,
            "count": 7
        },
        "KartAgent.Policy.CuriosityValueEstimate.mean": {
            "value": 0.06449262797832489,
            "min": -0.011251529678702354,
            "max": 0.08889271318912506,
            "count": 7
        },
        "KartAgent.Policy.CuriosityValueEstimate.sum": {
            "value": 10.447805404663086,
            "min": -1.9015085697174072,
            "max": 14.66729736328125,
            "count": 7
        },
        "KartAgent.IsTraining.mean": {
            "value": 1.0,
            "min": 1.0,
            "max": 1.0,
            "count": 7
        },
        "KartAgent.IsTraining.sum": {
            "value": 1.0,
            "min": 1.0,
            "max": 1.0,
            "count": 7
        },
        "KartAgent.Environment.EpisodeLength.mean": {
            "value": 869.7777777777778,
            "min": 578.6,
            "max": 869.7777777777778,
            "count": 6
        },
        "KartAgent.Environment.EpisodeLength.sum": {
            "value": 7828.0,
            "min": 5786.0,
            "max": 13845.0,
            "count": 6
        },
        "KartAgent.Environment.CumulativeReward.mean": {
            "value": -116.9640464535397,
            "min": -229.2559074512438,
            "max": -0.6067858623484006,
            "count": 6
        },
        "KartAgent.Environment.CumulativeReward.sum": {
            "value": -1052.6764180818573,
            "min": -4355.862241573632,
            "max": -7.888216210529208,
            "count": 6
        },
        "KartAgent.Policy.ExtrinsicReward.mean": {
            "value": -116.9640464535397,
            "min": -229.2559074512438,
            "max": -0.6067858623484006,
            "count": 6
        },
        "KartAgent.Policy.ExtrinsicReward.sum": {
            "value": -1052.6764180818573,
            "min": -4355.862241573632,
            "max": -7.888216210529208,
            "count": 6
        },
        "KartAgent.Policy.CuriosityReward.mean": {
            "value": 0.6087221346743819,
            "min": 0.22398032686722122,
            "max": 1.2677152095828206,
            "count": 6
        },
        "KartAgent.Policy.CuriosityReward.sum": {
            "value": 5.478499212069437,
            "min": 4.255626210477203,
            "max": 25.35430419165641,
            "count": 6
        },
        "KartAgent.Losses.PolicyLoss.mean": {
            "value": 0.06959440082459575,
            "min": 0.06959440082459575,
            "max": 0.07359498125481574,
            "count": 5
        },
        "KartAgent.Losses.PolicyLoss.sum": {
            "value": 0.06959440082459575,
            "min": 0.06959440082459575,
            "max": 0.07359498125481574,
            "count": 5
        },
        "KartAgent.Losses.ValueLoss.mean": {
            "value": 23.799467131296794,
            "min": 9.02331220716238,
            "max": 144.59042916456858,
            "count": 5
        },
        "KartAgent.Losses.ValueLoss.sum": {
            "value": 23.799467131296794,
            "min": 9.02331220716238,
            "max": 144.59042916456858,
            "count": 5
        },
        "KartAgent.Policy.LearningRate.mean": {
            "value": 0.0002963893812035399,
            "min": 0.0002963893812035399,
            "max": 0.00029927652024116,
            "count": 5
        },
        "KartAgent.Policy.LearningRate.sum": {
            "value": 0.0002963893812035399,
            "min": 0.0002963893812035399,
            "max": 0.00029927652024116,
            "count": 5
        },
        "KartAgent.Policy.Epsilon.mean": {
            "value": 0.19879646000000004,
            "min": 0.19879646000000004,
            "max": 0.19975884000000008,
            "count": 5
        },
        "KartAgent.Policy.Epsilon.sum": {
            "value": 0.19879646000000004,
            "min": 0.19879646000000004,
            "max": 0.19975884000000008,
            "count": 5
        },
        "KartAgent.Policy.Beta.mean": {
            "value": 0.0009880849540000003,
            "min": 0.0009880849540000003,
            "max": 0.000997612516,
            "count": 5
        },
        "KartAgent.Policy.Beta.sum": {
            "value": 0.0009880849540000003,
            "min": 0.0009880849540000003,
            "max": 0.000997612516,
            "count": 5
        },
        "KartAgent.Losses.CuriosityForwardLoss.mean": {
            "value": 0.03379792492215832,
            "min": 0.03379792492215832,
            "max": 0.23106403303643067,
            "count": 5
        },
        "KartAgent.Losses.CuriosityForwardLoss.sum": {
            "value": 0.03379792492215832,
            "min": 0.03379792492215832,
            "max": 0.23106403303643067,
            "count": 5
        },
        "KartAgent.Losses.CuriosityInverseLoss.mean": {
            "value": 2.0931608092784884,
            "min": 2.017530003786087,
            "max": 2.0931608092784884,
            "count": 5
        },
        "KartAgent.Losses.CuriosityInverseLoss.sum": {
            "value": 2.0931608092784884,
            "min": 2.017530003786087,
            "max": 2.0931608092784884,
            "count": 5
        }
    },
    "metadata": {
        "timer_format_version": "0.1.0",
        "start_time_seconds": "1718467253",
        "python_version": "3.9.13 (tags/v3.9.13:6de2ca5, May 17 2022, 16:36:42) [MSC v.1929 64 bit (AMD64)]",
        "command_line_arguments": "C:\\Users\\gusta\\proj\\venv\\Scripts\\mlagents-learn ppo/configuration.yaml --run-id=ppo8 --torch-device cuda --force",
        "mlagents_version": "0.30.0",
        "mlagents_envs_version": "0.30.0",
        "communication_protocol_version": "1.5.0",
        "pytorch_version": "2.3.0+cu121",
        "numpy_version": "1.21.2",
        "end_time_seconds": "1718467392"
    },
    "total": 138.7092419,
    "count": 1,
    "self": 0.005027599999976928,
    "children": {
        "run_training.setup": {
            "total": 0.08414780000000022,
            "count": 1,
            "self": 0.08414780000000022
        },
        "TrainerController.start_learning": {
            "total": 138.6200665,
            "count": 1,
            "self": 0.07302760000015951,
            "children": {
                "TrainerController._reset_env": {
                    "total": 8.452168,
                    "count": 1,
                    "self": 8.452168
                },
                "TrainerController.advance": {
                    "total": 129.94542139999987,
                    "count": 3178,
                    "self": 0.0378572999996436,
                    "children": {
                        "env_step": {
                            "total": 129.90756410000023,
                            "count": 3178,
                            "self": 115.19598120000002,