{
    "name": "root",
    "gauges": {
        "KartAgent.Policy.Entropy.mean": {
            "value": 0.24062207341194153,
            "min": -0.443177729845047,
            "max": 1.2986457347869873,
            "count": 100
        },
        "KartAgent.Policy.Entropy.sum": {
            "value": 12000.3037109375,
            "min": -22134.068359375,
            "max": 67259.4609375,
            "count": 100
        },
        "KartAgent.Step.mean": {
            "value": 4999963.0,
            "min": 49991.0,
            "max": 4999963.0,
            "count": 100
        },
        "KartAgent.Step.sum": {
            "value": 4999963.0,
            "min": 49991.0,
            "max": 4999963.0,
            "count": 100
        },
        "KartAgent.Policy.ExtrinsicValue.mean": {
            "value": 1.500786304473877,
            "min": -2.276291608810425,
            "max": 6.665359020233154,
            "count": 100
        },
        "KartAgent.Policy.ExtrinsicValue.sum": {
            "value": 1265.162841796875,
            "min": -1932.571533203125,
            "max": 5445.59814453125,
            "count": 100
        },
        "KartAgent.Policy.CuriosityValue.mean": {
            "value": -0.9992191195487976,
            "min": -1.4575625658035278,
            "max": 7.169655799865723,
            "count": 100
        },
        "KartAgent.Policy.CuriosityValue.sum": {
            "value": -842.3417358398438,
            "min": -1222.89501953125,
            "max": 5857.60888671875,
            "count": 100
        },
        "KartAgent.Losses.PolicyLoss.mean": {
            "value": -0.06489749166647343,
            "min": -6.888513298310055,
            "max": 1.7482043439150412,
            "count": 100
        },
        "KartAgent.Losses.PolicyLoss.sum": {
            "value": -322.8650210407053,
            "min": -34545.89419102493,
            "max": 8650.115093691624,
            "count": 100
        },
        "KartAgent.Losses.ValueLoss.mean": {
            "value": 0.0009123810854993456,
            "min": 0.00011594698031325644,
            "max": 0.005899295191260357,
            "count": 100
        },
        "KartAgent.Losses.ValueLoss.sum": {
            "value": 4.539095900359245,
            "min": 0.5793870606253424,
            "max": 29.113021768869864,
            "count": 100
        },
        "KartAgent.Losses.Q1Loss.mean": {
            "value": 0.0035023698188503434,
            "min": 0.0017820284743770265,
            "max": 0.020956770585361297,
            "count": 100
        },
        "KartAgent.Losses.Q1Loss.sum": {
            "value": 17.424289848780457,
            "min": 8.956475112218936,
            "max": 105.0982044855869,
            "count": 100
        },
        "KartAgent.Losses.Q2Loss.mean": {
            "value": 0.0035263060385801537,
            "min": 0.0017894506049823033,
            "max": 0.020683021616221632,
            "count": 100
        },
        "KartAgent.Losses.Q2Loss.sum": {
            "value": 17.543372541936264,
            "min": 8.993778740641057,
            "max": 103.72535340535148,
            "count": 100
        },
        "KartAgent.Policy.ContinuousEntropyCoeff.mean": {
            "value": 0.002005001029497929,
            "min": 0.0003665992986441861,
            "max": 0.26325634239393625,
            "count": 100
        },
        "KartAgent.Policy.ContinuousEntropyCoeff.sum": {
            "value": 9.974880121752197,
            "min": 1.8348294897141515,
            "max": 1299.1700497140755,
            "count": 100
        },
        "KartAgent.Policy.LearningRate.mean": {
            "value": 0.00030000000000000003,
            "min": 0.0003,
            "max": 0.0003000000000000001,
            "count": 100
        },
        "KartAgent.Policy.LearningRate.sum": {
            "value": 1.4925000000000002,
            "min": 1.4658,
            "max": 1.5303,
            "count": 100
        },
        "KartAgent.Losses.CuriosityForwardLoss.mean": {
            "value": 0.042490731921907735,
            "min": 0.004173673386475992,
            "max": 0.07221007204305199,
            "count": 100
        },
        "KartAgent.Losses.CuriosityForwardLoss.sum": {
            "value": 211.39139131149096,
            "min": 20.9309720331771,
            "max": 363.5777127367668,
            "count": 100
        },
        "KartAgent.Losses.CuriosityInverseLoss.mean": {
            "value": 0.12391075689003313,
            "min": 0.08171726277663663,
            "max": 0.7048114584823413,
            "count": 100
        },
        "KartAgent.Losses.CuriosityInverseLoss.sum": {
            "value": 616.4560155279148,
            "min": 413.57106691255797,
            "max": 3478.244547610354,
            "count": 100
        },
        "KartAgent.Environment.EpisodeLength.mean": {
            "value": 379.7519379844961,
            "min": 352.72027972027973,
            "max": 943.9245283018868,
            "count": 100
        },
        "KartAgent.Environment.EpisodeLength.sum": {
            "value": 48988.0,
            "min": 38866.0,
            "max": 55020.0,
            "count": 100
        },
        "KartAgent.Environment.CumulativeReward.mean": {
            "value": 12.407350042834878,
            "min": -13.808025516845563,
            "max": 13.727467043208076,
            "count": 100
        },
        "KartAgent.Environment.CumulativeReward.sum": {
            "value": 1588.1408054828644,
            "min": -745.6333779096603,
            "max": 1963.0277871787548,
            "count": 100
        },
        "KartAgent.Policy.ExtrinsicReward.mean": {
            "value": 12.407350042834878,
            "min": -13.808025516845563,
            "max": 13.727467043208076,
            "count": 100
        },
        "KartAgent.Policy.ExtrinsicReward.sum": {
            "value": 1588.1408054828644,
            "min": -745.6333779096603,
            "max": 1963.0277871787548,
            "count": 100
        },
        "KartAgent.Policy.CuriosityReward.mean": {
            "value": 0.3379016989824777,
            "min": 0.07475497336467167,
            "max": 1.73603388649521,
            "count": 100
        },
        "KartAgent.Policy.CuriosityReward.sum": {
            "value": 43.25141746975714,
            "min": 4.4852984018803,
            "max": 102.4259993032174,
            "count": 100
        },
        "KartAgent.IsTraining.mean": {
            "value": 1.0,
            "min": 1.0,
            "max": 1.0,
            "count": 100
        },
        "KartAgent.IsTraining.sum": {
            "value": 1.0,
            "min": 1.0,
            "max": 1.0,
            "count": 100
        }
    },
    "metadata": {
        "timer_format_version": "0.1.0",
        "start_time_seconds": "1718849945",
        "python_version": "3.9.13 (tags/v3.9.13:6de2ca5, May 17 2022, 16:36:42) [MSC v.1929 64 bit (AMD64)]",
        "command_line_arguments": "C:\\Users\\gusta\\proj\\venv\\Scripts\\mlagents-learn sac/configuration.yaml --run-id=sac_final2 --torch-device cuda",
        "mlagents_version": "0.30.0",
        "mlagents_envs_version": "0.30.0",
        "communication_protocol_version": "1.5.0",
        "pytorch_version": "2.3.0+cu121",
        "numpy_version": "1.21.2",
        "end_time_seconds": "1718897485"
    },
    "total": 47540.7154418,
    "count": 1,
    "self": 0.014687399998365436,
    "children": {
        "run_training.setup": {
            "total": 0.09191580000000021,
            "count": 1,
            "self": 0.09191580000000021
        },
        "TrainerController.start_learning": {
            "total": 47540.6088386,
            "count": 1,
            "self": 5.078221300354926,
            "children": {
                "TrainerController._reset_env": {
                    "total": 11.1682071,
                    "count": 1,
                    "self": 11.1682071
                },