{"count":1,"self":1601.1840511999999,"total":3644.9474032,"children":{"InitializeActuators":{"count":24,"self":0.001994,"total":0.001994,"children":null},"InitializeSensors":{"count":24,"self":0.0019947999999999997,"total":0.0019947999999999997,"children":null},"AgentSendState":{"count":417101,"self":57.180793599999994,"total":80.7264596,"children":{"CollectObservations":{"count":2002104,"self":2.1831298,"total":2.1831298,"children":null},"WriteActionMask":{"count":2002104,"self":0.3420969,"total":0.3420969,"children":null},"RequestDecision":{"count":2002104,"self":3.1368744,"total":21.020438799999997,"children":{"AgentInfo.ToProto":{"count":2002104,"self":2.1870944,"total":17.8835644,"children":{"GenerateSensorData":{"count":2002104,"self":13.2339744,"total":15.696470099999999,"children":{"RayPerceptionSensor.Perceive":{"count":4004208,"self":2.4624956,"total":2.4624956,"children":null}}}}}}}}},"DecideAction":{"count":417101,"self":1957.9449344,"total":1957.9449101,"children":null},"AgentAct":{"count":417101,"self":5.0123548,"total":5.0123548,"children":null},"AgentInfo.ToProto":{"count":3469,"self":0.010972599999999999,"total":0.0756391,"children":{"GenerateSensorData":{"count":3469,"self":0.0536945,"total":0.0646665,"children":{"RayPerceptionSensor.Perceive":{"count":6938,"self":0.010971999999999999,"total":0.010971999999999999,"children":null}}}}}},"gauges":{"KartAgent.CumulativeReward":{"count":3469,"max":11.7043247,"min":-892.195557,"runningAverage":-2.23886514,"value":11.5385351,"weightedAverage":7.74779034}},"metadata":{"timer_format_version":"0.1.0","start_time_seconds":"1718487329","unity_version":"2022.3.28f1","command_line_arguments":"C:\\Program Files\\Unity\\Hub\\Editor\\2022.3.28f1\\Editor\\Unity.exe -projectpath C:\\Users\\gusta\\unity-ai-racing-karts-ml-agents-modified -useHub -hubIPC -cloudEnvironment production -licensingIpc LicenseClient-gusta -hubSessionId d4529b2f-c528-4583-adda-42d940004cf9 -accessToken La4qxVTRW96VBM9oy44C2miBt0T_AEqV1y-r3JL4HqY004f","communication_protocol_version":"1.5.0","com.unity.ml-agents_version":"2.0.1","scene_name":"SampleScene","end_time_seconds":"1718490974"}}