{"count":1,"self":618.8919296,"total":4918.6425863999993,"children":{"InitializeActuators":{"count":24,"self":0.0035280999999999997,"total":0.0035280999999999997,"children":null},"InitializeSensors":{"count":24,"self":0.0039863,"total":0.0039863,"children":null},"AgentSendState":{"count":417101,"self":120.6390656,"total":168.0574464,"children":{"CollectObservations":{"count":2002104,"self":4.8727816,"total":4.8727814999999994,"children":null},"WriteActionMask":{"count":2002104,"self":1.0270335,"total":1.0270335,"children":null},"RequestDecision":{"count":2002104,"self":6.6585236,"total":41.5185718,"children":{"AgentInfo.ToProto":{"count":2002104,"self":4.9247711999999995,"total":34.8600482,"children":{"GenerateSensorData":{"count":2002104,"self":25.400089599999998,"total":29.935276899999998,"children":{"RayPerceptionSensor.Perceive":{"count":4004208,"self":4.5351875999999995,"total":4.5351875,"children":null}}}}}}}}},"DecideAction":{"count":417101,"self":4120.1209344,"total":4120.1210296,"children":null},"AgentAct":{"count":417101,"self":11.4682976,"total":11.4682972,"children":null},"AgentInfo.ToProto":{"count":2486,"self":0.0234335,"total":0.0953941,"children":{"GenerateSensorData":{"count":2486,"self":0.0590037,"total":0.0719606,"children":{"RayPerceptionSensor.Perceive":{"count":4972,"self":0.012956899999999999,"total":0.012956899999999999,"children":null}}}}}},"gauges":{"KartAgent.CumulativeReward":{"count":2486,"max":11.4680033,"min":-1,"runningAverage":6.454749,"value":11.361558,"weightedAverage":10.9795408}},"metadata":{"timer_format_version":"0.1.0","start_time_seconds":"1718662946","unity_version":"2022.3.28f1","command_line_arguments":"C:\\Program Files\\Unity\\Hub\\Editor\\2022.3.28f1\\Editor\\Unity.exe -projectpath C:\\Users\\MVale\\Desktop\\unity-ai-racing-karts-ml-agents-modified -useHub -hubIPC -cloudEnvironment production -licensingIpc LicenseClient-MVale -hubSessionId 30972183-6b63-43a1-9dd9-15cb5306da3d -accessToken pXZ4qP0iALmzzn_IOhRtILnM08S1omgIQdQLGFhtwG0004f","communication_protocol_version":"1.5.0","com.unity.ml-agents_version":"2.0.1","scene_name":"SampleScene","end_time_seconds":"1718667864"}}