{
    "name": "root",
    "gauges": {
        "KartAgent.Policy.Entropy.mean": {
            "value": 1.378218650817871,
            "min": 1.3711626529693604,
            "max": 1.4191354513168335,
            "count": 20
        },
        "KartAgent.Policy.Entropy.sum": {
            "value": 67011.75,
            "min": 65031.125,
            "max": 91424.9609375,
            "count": 20
        },
        "KartAgent.Environment.EpisodeLength.mean": {
            "value": 602.843373493976,
            "min": 602.843373493976,
            "max": 1105.888888888889,
            "count": 20
        },
        "KartAgent.Environment.EpisodeLength.sum": {
            "value": 50036.0,
            "min": 46505.0,
            "max": 55400.0,
            "count": 20
        },
        "KartAgent.Step.mean": {
            "value": 999920.0,
            "min": 49980.0,
            "max": 999920.0,
            "count": 20
        },
        "KartAgent.Step.sum": {
            "value": 999920.0,
            "min": 49980.0,
            "max": 999920.0,
            "count": 20
        },
        "KartAgent.Policy.ExtrinsicValueEstimate.mean": {
            "value": 1.330128788948059,
            "min": -0.0001527651766082272,
            "max": 1.3602021932601929,
            "count": 20
        },
        "KartAgent.Policy.ExtrinsicValueEstimate.sum": {
            "value": 110.40068817138672,
            "min": -0.01191568374633789,
            "max": 111.53657531738281,
            "count": 20
        },
        "KartAgent.Environment.CumulativeReward.mean": {
            "value": 9.31085885576455,
            "min": -0.3874707416846202,
            "max": 9.408210148171682,
            "count": 20
        },
        "KartAgent.Environment.CumulativeReward.sum": {
            "value": 772.8012850284576,
            "min": -20.14847856760025,
            "max": 772.8012850284576,
            "count": 20
        },
        "KartAgent.Policy.ExtrinsicReward.mean": {
            "value": 9.31085885576455,
            "min": -0.3874707416846202,
            "max": 9.408210148171682,
            "count": 20
        },
        "KartAgent.Policy.ExtrinsicReward.sum": {
            "value": 772.8012850284576,
            "min": -20.14847856760025,
            "max": 772.8012850284576,
            "count": 20
        },
        "KartAgent.Losses.PolicyLoss.mean": {
            "value": 0.07091796879613364,
            "min": 0.06855697468123784,
            "max": 0.07387312664371241,
            "count": 20
        },
        "KartAgent.Losses.PolicyLoss.sum": {
            "value": 0.28367187518453457,
            "min": 0.21846267817678283,
            "max": 0.29549250657484966,
            "count": 20
        },
        "KartAgent.Losses.ValueLoss.mean": {
            "value": 0.05558999561244794,
            "min": 0.013588373898411287,
            "max": 0.1274736748641708,
            "count": 20
        },
        "KartAgent.Losses.ValueLoss.sum": {
            "value": 0.22235998244979177,
            "min": 0.05435349559364515,
            "max": 0.5098946994566832,
            "count": 20
        },
        "KartAgent.Policy.LearningRate.mean": {
            "value": 9.211296929600003e-06,
            "min": 9.211296929600003e-06,
            "max": 0.00029049850316716666,
            "count": 20
        },
        "KartAgent.Policy.LearningRate.sum": {
            "value": 3.684518771840001e-05,
            "min": 3.684518771840001e-05,
            "max": 0.0011102187299271,
            "count": 20
        },
        "KartAgent.Policy.Epsilon.mean": {
            "value": 0.10307040000000003,
            "min": 0.10307040000000003,
            "max": 0.19683283333333335,
            "count": 20
        },
        "KartAgent.Policy.Epsilon.sum": {
            "value": 0.41228160000000014,
            "min": 0.41228160000000014,
            "max": 0.7700729,
            "count": 20
        },
        "KartAgent.Policy.Beta.mean": {
            "value": 4.039696000000001e-05,
            "min": 4.039696000000001e-05,
            "max": 0.0009686450499999999,
            "count": 20
        },
        "KartAgent.Policy.Beta.sum": {
            "value": 0.00016158784000000004,
            "min": 0.00016158784000000004,
            "max": 0.0037037217100000003,
            "count": 20
        },
        "KartAgent.IsTraining.mean": {
            "value": 1.0,
            "min": 1.0,
            "max": 1.0,
            "count": 20
        },
        "KartAgent.IsTraining.sum": {
            "value": 1.0,
            "min": 1.0,
            "max": 1.0,
            "count": 20
        }
    },
    "metadata": {
        "timer_format_version": "0.1.0",
        "start_time_seconds": "1718398168",
        "python_version": "3.9.13 (tags/v3.9.13:6de2ca5, May 17 2022, 16:36:42) [MSC v.1929 64 bit (AMD64)]",
        "command_line_arguments": "C:\\Users\\gusta\\proj\\venv\\Scripts\\mlagents-learn ppo/configuration.yaml --run-id=ppo2 --torch-device cuda --force",
        "mlagents_version": "0.30.0",
        "mlagents_envs_version": "0.30.0",
        "communication_protocol_version": "1.5.0",
        "pytorch_version": "2.3.0+cu121",
        "numpy_version": "1.21.2",
        "end_time_seconds": "1718398915"
    },
    "total": 746.5652392,
    "count": 1,
    "self": 0.006685399999923902,
    "children": {
        "run_training.setup": {
            "total": 0.09416070000000021,
            "count": 1,
            "self": 0.09416070000000021
        },
        "TrainerController.start_learning": {
            "total": 746.4643931,
            "count": 1,
            "self": 1.2208846000075937,
            "children": {
                "TrainerController._reset_env": {
                    "total": 22.9076478,
                    "count": 1,
                    "self": 22.9076478
                },
                "TrainerController.advance": {
                    "total": 722.2519580999925,
                    "count": 44913,
                    "self": 0.5656180999925482,
                    "children": {
                        "env_step": {
                            "total": 721.68634,
                            "count": 44913,
                            "self": 423.6590800999959,
                            "children": {
                                "SubprocessEnvManager._take_step": {
                                    "total": 297.4781381999979,
                                    "count": 44913,
                                    "self": 3.821113299995261,
                                    "children": {
                                        "TorchPolicy.evaluate": {
                                            "total": 293.6570249000026,
                                            "count": 43748,
                                            "self": 293.6570249000026
                                        }
                                    }
                                },
                                "workers": {
                                    "total": 0.5491217000061717,
                                    "count": 44913,
                                    "self": 0.0,
                                    "children": {
                                        "worker_root": {
                                            "total": 723.5435701999903,
                                            "count": 44913,
                                            "is_parallel": true,
                                            "self": 413.6449885999988,
                                            "children": {
                                                "steps_from_proto": {
                                                    "total": 0.0006385999999984904,
                                                    "count": 1,
                                                    "is_parallel": true,