{
    "name": "root",
    "gauges": {
        "KartAgent.Policy.Entropy.mean": {
            "value": 0.770520031452179,
            "min": 0.770520031452179,
            "max": 1.342889666557312,
            "count": 10
        },
        "KartAgent.Policy.Entropy.sum": {
            "value": 38260.94140625,
            "min": 38260.94140625,
            "max": 68413.1875,
            "count": 10
        },
        "KartAgent.Step.mean": {
            "value": 499978.0,
            "min": 49964.0,
            "max": 499978.0,
            "count": 10
        },
        "KartAgent.Step.sum": {
            "value": 499978.0,
            "min": 49964.0,
            "max": 499978.0,
            "count": 10
        },
        "KartAgent.Policy.ExtrinsicValue.mean": {
            "value": 3.7281856536865234,
            "min": 3.7281856536865234,
            "max": 14.154378890991211,
            "count": 10
        },
        "KartAgent.Policy.ExtrinsicValue.sum": {
            "value": 3053.384033203125,
            "min": 3053.384033203125,
            "max": 11861.369140625,
            "count": 10
        },
        "KartAgent.Policy.CuriosityValue.mean": {
            "value": 4.420906066894531,
            "min": 4.420906066894531,
            "max": 14.704227447509766,
            "count": 10
        },
        "KartAgent.Policy.CuriosityValue.sum": {
            "value": 3620.72216796875,
            "min": 3620.72216796875,
            "max": 12322.142578125,
            "count": 10
        },
        "KartAgent.Losses.PolicyLoss.mean": {
            "value": -4.106740494971139,
            "min": -14.565865427764498,
            "max": -4.106740494971139,
            "count": 10
        },
        "KartAgent.Losses.PolicyLoss.sum": {
            "value": -20554.23617733055,
            "min": -73018.68338938343,
            "max": -20554.23617733055,
            "count": 10
        },
        "KartAgent.Losses.ValueLoss.mean": {
            "value": 0.00027045839619922073,
            "min": 0.00027045839619922073,
            "max": 0.011441953025715452,
            "count": 10
        },
        "KartAgent.Losses.ValueLoss.sum": {
            "value": 1.3536442729770997,
            "min": 1.3536442729770997,
            "max": 54.84128085225416,
            "count": 10
        },
        "KartAgent.Losses.Q1Loss.mean": {
            "value": 0.006324381115899816,
            "min": 0.006324381115899816,
            "max": 0.09495311838075166,
            "count": 10
        },
        "KartAgent.Losses.Q1Loss.sum": {
            "value": 31.65352748507858,
            "min": 31.65352748507858,
            "max": 475.9999824427081,
            "count": 10
        },
        "KartAgent.Losses.Q2Loss.mean": {
            "value": 0.006320676858148132,
            "min": 0.006320676858148132,
            "max": 0.09409325271210287,
            "count": 10
        },
        "KartAgent.Losses.Q2Loss.sum": {
            "value": 31.6349876750314,
            "min": 31.6349876750314,
            "max": 471.68947584577165,
            "count": 10
        },
        "KartAgent.Policy.ContinuousEntropyCoeff.mean": {
            "value": 0.00452855743176929,
            "min": 0.00452855743176929,
            "max": 0.3983925608932383,
            "count": 10
        },
        "KartAgent.Policy.ContinuousEntropyCoeff.sum": {
            "value": 22.665429946005297,
            "min": 22.665429946005297,
            "max": 1909.4955443612912,
            "count": 10
        },
        "KartAgent.Policy.LearningRate.mean": {
            "value": 0.0001,
            "min": 0.0001,
            "max": 0.00010000000000000003,
            "count": 10
        },
        "KartAgent.Policy.LearningRate.sum": {
            "value": 0.5005000000000001,
            "min": 0.47930000000000006,
            "max": 0.5089000000000001,
            "count": 10
        },
        "KartAgent.Losses.CuriosityForwardLoss.mean": {
            "value": 0.010627969059000706,
            "min": 0.004037770401642139,
            "max": 0.01764047536244648,
            "count": 10
        },
        "KartAgent.Losses.CuriosityForwardLoss.sum": {
            "value": 53.19298514029854,
            "min": 20.241343023432044,
            "max": 84.55079841220598,
            "count": 10
        },
        "KartAgent.Losses.CuriosityInverseLoss.mean": {
            "value": 0.44506477823567375,
            "min": 0.44506477823567375,
            "max": 0.7230941562491091,
            "count": 10
        },
        "KartAgent.Losses.CuriosityInverseLoss.sum": {
            "value": 2227.5492150695472,
            "min": 2227.5492150695472,
            "max": 3661.1215305940214,
            "count": 10
        },
        "KartAgent.Environment.EpisodeLength.mean": {
            "value": 900.6065573770492,
            "min": 636.1325301204819,
            "max": 944.5208333333334,
            "count": 10
        },
        "KartAgent.Environment.EpisodeLength.sum": {
            "value": 54937.0,
            "min": 40241.0,
            "max": 55339.0,
            "count": 10
        },
        "KartAgent.Environment.CumulativeReward.mean": {
            "value": 1.3472221796711286,
            "min": 0.655844122171402,
            "max": 1.984693815513533,
            "count": 10
        },
        "KartAgent.Environment.CumulativeReward.sum": {
            "value": 80.83333078026772,
            "min": 50.49999740719795,
            "max": 117.55858841538429,
            "count": 10
        },
        "KartAgent.Policy.ExtrinsicReward.mean": {
            "value": 1.3472221796711286,
            "min": 0.655844122171402,
            "max": 1.984693815513533,
            "count": 10
        },
        "KartAgent.Policy.ExtrinsicReward.sum": {
            "value": 80.83333078026772,
            "min": 50.49999740719795,
            "max": 117.55858841538429,
            "count": 10
        },
        "KartAgent.Policy.CuriosityReward.mean": {
            "value": 0.17849199169019508,
            "min": 0.05208442167476968,
            "max": 0.314603935430661,
            "count": 10
        },
        "KartAgent.Policy.CuriosityReward.sum": {
            "value": 10.709519501411705,
            "min": 3.7757891222354374,
            "max": 18.561632190409,
            "count": 10
        },
        "KartAgent.IsTraining.mean": {
            "value": 1.0,
            "min": 1.0,
            "max": 1.0,
            "count": 10
        },
        "KartAgent.IsTraining.sum": {
            "value": 1.0,
            "min": 1.0,
            "max": 1.0,
            "count": 10
        }
    },
    "metadata": {
        "timer_format_version": "0.1.0",
        "start_time_seconds": "1718635279",
        "python_version": "3.9.13 (tags/v3.9.13:6de2ca5, May 17 2022, 16:36:42) [MSC v.1929 64 bit (AMD64)]",
        "command_line_arguments": "C:\\Users\\gusta\\proj\\venv\\Scripts\\mlagents-learn sac/configuration.yaml --run-id=sac4.3 --torch-device cuda --force",
        "mlagents_version": "0.30.0",
        "mlagents_envs_version": "0.30.0",
        "communication_protocol_version": "1.5.0",
        "pytorch_version": "2.3.0+cu121",
        "numpy_version": "1.21.2",
        "end_time_seconds": "1718637761"
    },
    "total": 2482.2164994,
    "count": 1,
    "self": 0.00724869999976363,
    "children": {
        "run_training.setup": {
            "total": 0.08499089999999976,
            "count": 1,
            "self": 0.08499089999999976
        },
        "TrainerController.start_learning": {
            "total": 2482.1242598000003,
            "count": 1,
            "self": 0.5840405999897484,
            "children": {
                "TrainerController._reset_env": {
                    "total": 11.938550500000002,
                    "count": 1,
                    "self": 11.938550500000002
                },