{
    "name": "root",
    "gauges": {
        "KartAgent.Policy.Entropy.mean": {
            "value": 1.326223373413086,
            "min": 1.326223373413086,
            "max": 1.3353172540664673,
            "count": 25
        },
        "KartAgent.Policy.Entropy.sum": {
            "value": 66396.046875,
            "min": 2051.04736328125,
            "max": 67458.3046875,
            "count": 25
        },
        "KartAgent.Step.mean": {
            "value": 4999976.0,
            "min": 3799942.0,
            "max": 4999976.0,
            "count": 25
        },
        "KartAgent.Step.sum": {
            "value": 4999976.0,
            "min": 3799942.0,
            "max": 4999976.0,
            "count": 25
        },
        "KartAgent.Policy.ExtrinsicValueEstimate.mean": {
            "value": 2.129920482635498,
            "min": 1.4401804208755493,
            "max": 3.137232780456543,
            "count": 25
        },
        "KartAgent.Policy.ExtrinsicValueEstimate.sum": {
            "value": 1791.2630615234375,
            "min": 9.411698341369629,
            "max": 2553.831787109375,
            "count": 25
        },
        "KartAgent.Policy.CuriosityValueEstimate.mean": {
            "value": 0.08793427050113678,
            "min": 0.0877382904291153,
            "max": 0.09781520068645477,
            "count": 25
        },
        "KartAgent.Policy.CuriosityValueEstimate.sum": {
            "value": 73.95272064208984,
            "min": 0.29278239607810974,
            "max": 83.24073791503906,
            "count": 25
        },
        "KartAgent.IsTraining.mean": {
            "value": 1.0,
            "min": 1.0,
            "max": 1.0,
            "count": 25
        },
        "KartAgent.IsTraining.sum": {
            "value": 1.0,
            "min": 1.0,
            "max": 1.0,
            "count": 25
        },
        "KartAgent.Environment.EpisodeLength.mean": {
            "value": 547.3736263736264,
            "min": 298.9590163934426,
            "max": 744.2833333333333,
            "count": 24
        },
        "KartAgent.Environment.EpisodeLength.sum": {
            "value": 49811.0,
            "min": 33689.0,
            "max": 66256.0,
            "count": 24
        },
        "KartAgent.Environment.CumulativeReward.mean": {
            "value": 10.365266983275829,
            "min": 10.365266983275829,
            "max": 17.25410623179646,
            "count": 24
        },
        "KartAgent.Environment.CumulativeReward.sum": {
            "value": 953.6045624613762,
            "min": 953.6045624613762,
            "max": 2191.2714914381504,
            "count": 24
        },
        "KartAgent.Policy.ExtrinsicReward.mean": {
            "value": 10.365266983275829,
            "min": 10.365266983275829,
            "max": 17.25410623179646,
            "count": 24
        },
        "KartAgent.Policy.ExtrinsicReward.sum": {
            "value": 953.6045624613762,
            "min": 953.6045624613762,
            "max": 2191.2714914381504,
            "count": 24
        },
        "KartAgent.Policy.CuriosityReward.mean": {
            "value": 0.4610763326035458,
            "min": 0.22259498128312502,
            "max": 0.7359827064511288,
            "count": 24
        },
        "KartAgent.Policy.CuriosityReward.sum": {
            "value": 42.419022599526215,
            "min": 27.156587716541253,
            "max": 61.00103444530396,
            "count": 24
        },
        "KartAgent.Losses.PolicyLoss.mean": {
            "value": 0.024873277442529797,
            "min": 0.020649240621908878,
            "max": 0.025766767250994842,
            "count": 24
        },
        "KartAgent.Losses.PolicyLoss.sum": {
            "value": 0.12436638721264898,
            "min": 0.08259696248763551,
            "max": 0.12883383625497422,
            "count": 24
        },
        "KartAgent.Losses.ValueLoss.mean": {
            "value": 0.3123230277498563,
            "min": 0.27721670230229695,
            "max": 0.35385683755079905,
            "count": 24
        },
        "KartAgent.Losses.ValueLoss.sum": {
            "value": 1.5616151387492816,
            "min": 1.1519819423556328,
            "max": 1.7692841877539953,
            "count": 24
        },
        "KartAgent.Policy.LearningRate.mean": {
            "value": 1.6577554474480047e-06,
            "min": 1.6577554474480047e-06,
            "max": 7.0477411507555e-05,
            "count": 24
        },
        "KartAgent.Policy.LearningRate.sum": {
            "value": 8.288777237240023e-06,
            "min": 8.288777237240023e-06,
            "max": 0.00033852884715718,
            "count": 24
        },
        "KartAgent.Policy.Epsilon.mean": {
            "value": 0.10055255199999999,
            "min": 0.10055255199999999,
            "max": 0.123492445,
            "count": 24
        },
        "KartAgent.Policy.Epsilon.sum": {
            "value": 0.50276276,
            "min": 0.4100506600000001,
            "max": 0.6128428200000001,
            "count": 24
        },
        "KartAgent.Policy.Beta.mean": {
            "value": 1.5470264800000018e-05,
            "min": 1.5470264800000018e-05,
            "max": 0.00024257520549999997,
            "count": 24
        },
        "KartAgent.Policy.Beta.sum": {
            "value": 7.735132400000009e-05,
            "min": 7.735132400000009e-05,
            "max": 0.0011671439179999998,
            "count": 24
        },
        "KartAgent.Losses.CuriosityForwardLoss.mean": {
            "value": 0.042621768936514856,
            "min": 0.04249369992564122,
            "max": 0.0490273563315471,
            "count": 24
        },
        "KartAgent.Losses.CuriosityForwardLoss.sum": {
            "value": 0.21310884468257427,
            "min": 0.16997479970256488,
            "max": 0.2451367816577355,
            "count": 24
        },
        "KartAgent.Losses.CuriosityInverseLoss.mean": {
            "value": 1.7274338308970134,
            "min": 1.7011930696169535,
            "max": 1.7514514724413555,
            "count": 24
        },
        "KartAgent.Losses.CuriosityInverseLoss.sum": {
            "value": 8.637169154485067,
            "min": 6.840990547339121,
            "max": 8.757257362206778,
            "count": 24
        }
    },
    "metadata": {
        "timer_format_version": "0.1.0",
        "start_time_seconds": "1718848337",
        "python_version": "3.9.13 (tags/v3.9.13:6de2ca5, May 17 2022, 16:36:42) [MSC v.1929 64 bit (AMD64)]",
        "command_line_arguments": "C:\\Users\\gusta\\proj\\venv\\Scripts\\mlagents-learn ppo/configuration.yaml --run-id=ppo_final4 --torch-device cuda --resume",
        "mlagents_version": "0.30.0",
        "mlagents_envs_version": "0.30.0",
        "communication_protocol_version": "1.5.0",
        "pytorch_version": "2.3.0+cu121",
        "numpy_version": "1.21.2",
        "end_time_seconds": "1718849344"
    },
    "total": 1006.6439985000001,
    "count": 1,
    "self": 0.010240300000077696,
    "children": {
        "run_training.setup": {
            "total": 0.0929306999999997,
            "count": 1,
            "self": 0.0929306999999997
        },
        "TrainerController.start_learning": {
            "total": 1006.5408275,
            "count": 1,
            "self": 1.3296610000056717,
            "children": {
                "TrainerController._reset_env": {
                    "total": 10.318017600000001,
                    "count": 1,
                    "self": 10.318017600000001
                },
                "TrainerController.advance": {
                    "total": 994.8106884999944,
                    "count": 52032,
                    "self": 0.6250611999990952,
                    "children": {
                        "env_step": {
                            "total": 994.1856272999953,
                            "count": 52032,
                            "self": 710.198698600005,